MatchNo,GameNo,RallyNo,StrikeNo,StrikeVideoPosition,ScoreA1,ScoreA2,ScoreB1,ScoreB2,HitPlayer,BallPosition,NextBallPosition,StrikeTech,NextStrikeTech,StrikePosition,NextStrikePosition,GameAction,NextGameAction,StrikeEffect,NextStrikeEffect,SpinKind,NextSpinKind
2008012802,1,1,1,0.000000,0,0,0,0,王皓,1,12,1,14,1,6,1,4,5,6,7,8
2008012802,1,1,2,6.339002,0,0,0,0,吴尚垠,12,19,14,5,6,7,4,7,6,5,8,3
2008012802,1,1,3,6.339002,0,0,0,0,王皓,19,22,5,16,7,8,7,10,5,6,3,4
2008012802,1,1,4,8.137617,0,0,0,0,吴尚垠,22,21,16,5,8,7,10,7,6,5,4,3
2008012802,1,1,5,8.568891,0,0,0,0,王皓,21,16,5,16,7,6,7,10,5,6,3,4
2008012802,1,1,6,8.976578,0,0,0,0,吴尚垠,16,15,16,3,6,5,10,7,6,5,4,1
2008012802,1,1,7,8.976578,0,0,0,0,王皓,15,16,3,16,5,8,7,10,5,6,1,4
2008012802,1,1,8,10.088730,0,0,0,0,吴尚垠,16,15,16,3,8,5,10,7,6,3,4,1
2008012802,1,1,9,10.088730,0,0,0,0,王皓,15,16,3,16,5,12,7,10,3,10,1,4
2008012802,1,1,10,11.179383,0,0,0,0,吴尚垠,16,25,16,25,12,13,10,13,10,1,4,11
2008012802,1,2,1,11.179383,1,0,0,0,王皓,1,12,1,14,1,6,1,4,5,6,9,8
2008012802,1,2,2,19.057318,1,0,0,0,吴尚垠,12,5,14,9,6,5,4,7,6,5,8,3
2008012802,1,2,3,19.862971,1,0,0,0,王皓,5,10,9,16,5,6,7,10,5,6,3,4
2008012802,1,2,4,20.722404,1,0,0,0,吴尚垠,10,15,16,3,6,5,10,7,6,3,4,1
2008012802,1,2,5,20.722404,1,0,0,0,王皓,15,10,3,16,5,12,7,10,3,6,1,4
2008012802,1,2,6,21.634113,1,0,0,0,吴尚垠,10,9,16,3,12,5,10,7,6,9,4,1
2008012802,1,2,7,21.634113,1,0,0,0,王皓,9,26,3,26,5,14,7,14,9,2,1,12
2008012802,1,3,1,22.374939,1,0,1,0,吴尚垠,2,11,2,13,2,5,2,3,6,5,10,7
2008012802,1,3,2,34.673333,1,0,1,0,王皓,11,12,13,14,5,6,3,12,5,6,7,8
2008012802,1,3,3,35.072948,1,0,1,0,吴尚垠,12,5,14,9,6,5,12,7,6,5,8,3
2008012802,1,3,4,35.518211,1,0,1,0,王皓,5,20,9,6,5,8,7,6,5,6,3,4
2008012802,1,3,5,36.054227,1,0,1,0,吴尚垠,20,21,6,5,8,7,6,5,6,5,4,3
2008012802,1,3,6,36.847136,1,0,1,0,王皓,21,22,5,4,7,10,5,6,5,6,3,2
2008012802,1,3,7,37.551054,1,0,1,0,吴尚垠,22,9,4,3,10,5,6,5,6,1,2,1
2008012802,1,3,8,37.932036,1,0,1,0,王皓,9,10,3,25,5,13,5,13,1,10,1,11
2008012802,1,3,9,37.932036,1,0,1,0,吴尚垠,10,25,25,0,13,0,13,0,10,0,11,0
2008012802,1,4,1,37.932036,2,0,1,0,吴尚垠,2,11,2,13,2,5,2,3,6,5,8,7
2008012802,1,4,2,52.976558,2,0,1,0,王皓,11,8,13,4,5,6,3,8,5,4,7,4
2008012802,1,4,3,53.318549,2,0,1,0,吴尚垠,8,15,4,23,6,5,8,9,4,9,4,3
2008012802,1,4,4,55.501385,2,0,1,0,王皓,15,26,23,26,5,14,9,14,9,2,3,12
2008012802,1,5,1,55.501385,2,0,2,0,王皓,1,14,1,10,1,6,1,4,5,6,3,4
2008012802,1,5,2,64.775113,2,0,2,0,吴尚垠,14,9,10,3,6,5,4,5,6,3,4,1
2008012802,1,5,3,65.360302,2,0,2,0,王皓,9,16,3,16,5,8,5,10,3,10,1,4
2008012802,1,5,4,66.179687,2,0,2,0,吴尚垠,16,25,16,25,8,13,10,13,10,1,4,11
2008012802,1,6,1,66.179687,3,0,2,0,王皓,1,12,1,14,1,8,1,4,5,10,9,8
2008012802,1,6,2,75.182721,3,0,2,0,吴尚垠,12,25,14,25,8,13,4,13,10,1,8,11
2008012802,1,7,1,77.018043,4,0,2,0,吴尚垠,2,5,2,13,2,5,2,3,6,5,10,7
2008012802,1,7,2,91.906381,4,0,2,0,王皓,5,12,13,14,5,6,3,12,5,6,7,8
2008012802,1,7,3,92.537120,4,0,2,0,吴尚垠,12,13,14,9,6,7,12,7,6,5,8,3
2008012802,1,7,4,93.039209,4,0,2,0,王皓,13,16,9,6,7,8,7,6,5,6,3,4
2008012802,1,7,5,93.660190,4,0,2,0,吴尚垠,16,21,6,5,8,7,6,5,6,9,4,3
2008012802,1,7,6,93.660190,4,0,2,0,王皓,21,26,5,26,7,14,5,14,9,2,3,12
2008012802,1,8,1,94.457048,4,0,3,0,吴尚垠,2,5,2,13,2,5,2,3,4,7,4,7
2008012802,1,8,2,104.764936,4,0,3,0,王皓,5,14,13,6,5,6,3,8,7,2,7,4
2008012802,1,8,3,105.969894,4,0,3,0,吴尚垠,14,9,6,21,6,5,8,9,2,9,4,3
2008012802,1,8,4,106.700633,4,0,3,0,王皓,9,26,21,26,5,14,9,14,9,2,3,12
2008012802,1,9,1,106.700633,4,0,4,0,王皓,1,12,1,10,1,12,1,4,5,6,7,4
2008012802,1,9,2,120.345510,4,0,4,0,吴尚垠,12,15,10,5,12,7,4,5,6,3,4,3
2008012802,1,9,3,120.345510,4,0,4,0,王皓,15,16,5,16,7,8,5,10,3,10,3,4
2008012802,1,9,4,120.821077,4,0,4,0,吴尚垠,16,25,16,25,8,13,10,13,10,1,4,11
2008012802,1,10,1,120.821077,5,0,4,0,王皓,1,12,1,14,1,6,1,4,5,6,7,8
2008012802,1,10,2,130.647000,5,0,4,0,吴尚垠,12,13,14,3,6,5,4,7,6,5,8,3
2008012802,1,10,3,131.543447,5,0,4,0,王皓,13,22,3,16,5,8,7,10,5,6,3,4
2008012802,1,10,4,131.543447,5,0,4,0,吴尚垠,22,21,16,5,8,7,10,7,6,9,4,3
2008012802,1,10,5,131.983780,5,0,4,0,王皓,21,26,5,26,7,14,7,14,9,2,3,12
2008012802,1,11,1,132.908887,5,0,5,0,吴尚垠,2,11,2,13,2,5,2,3,6,5,10,7
2008012802,1,11,2,150.182370,5,0,5,0,王皓,11,12,13,14,5,6,3,12,5,6,7,8
2008012802,1,11,3,150.741463,5,0,5,0,吴尚垠,12,5,14,9,6,5,12,7,6,3,8,3
2008012802,1,11,4,150.741463,5,0,5,0,王皓,5,10,9,6,5,6,7,6,3,10,3,4
2008012802,1,11,5,153.653206,5,0,5,0,吴尚垠,10,25,6,25,6,13,6,13,10,1,4,11
2008012802,1,12,1,153.653206,6,0,5,0,吴尚垠,2,7,2,9,2,5,2,3,6,0,8,3
2008012802,1,12,2,168.636753,6,0,5,0,王皓,7,16,9,16,5,12,3,10,0,6,3,4
2008012802,1,12,3,168.636753,6,0,5,0,吴尚垠,16,21,16,5,12,7,10,7,6,3,4,3
2008012802,1,12,4,169.229027,6,0,5,0,王皓,21,22,5,6,7,8,7,6,3,10,3,4
2008012802,1,12,5,169.229027,6,0,5,0,吴尚垠,22,25,6,25,8,13,6,13,10,1,4,11
2008012802,1,13,1,169.229027,7,0,5,0,王皓,1,18,1,14,1,8,1,4,5,6,9,8
2008012802,1,13,2,189.828388,7,0,5,0,吴尚垠,18,5,14,13,8,5,4,11,6,5,8,7
2008012802,1,13,3,189.828388,7,0,5,0,王皓,5,14,13,10,5,8,11,8,5,10,7,4
2008012802,1,13,4,190.815850,7,0,5,0,吴尚垠,14,25,10,25,8,13,8,13,10,1,4,11
2008012802,1,14,1,191.865465,8,0,5,0,王皓,1,12,1,14,1,6,1,4,5,6,9,8
2008012802,1,14,2,203.357182,8,0,5,0,吴尚垠,12,13,14,9,6,7,4,7,6,5,8,3
2008012802,1,14,3,204.236222,8,0,5,0,王皓,13,16,9,6,7,6,7,6,5,6,3,4
2008012802,1,14,4,205.338193,8,0,5,0,吴尚垠,16,21,6,5,6,7,6,5,6,5,4,3
2008012802,1,14,5,205.338193,8,0,5,0,王皓,21,22,5,6,7,8,5,6,5,6,3,4
2008012802,1,14,6,206.005649,8,0,5,0,吴尚垠,22,21,6,5,8,7,6,5,6,9,4,3
2008012802,1,14,7,206.005649,8,0,5,0,王皓,21,26,5,26,7,14,5,14,9,2,3,12
2008012802,1,15,1,206.005649,8,0,6,0,吴尚垠,2,11,2,13,2,5,2,3,6,5,10,7
2008012802,1,15,2,222.284562,8,0,6,0,王皓,11,6,13,10,5,6,3,8,5,6,7,4
2008012802,1,15,3,222.572154,8,0,6,0,吴尚垠,6,9,10,5,6,11,8,5,6,5,4,3
2008012802,1,15,4,223.462773,8,0,6,0,王皓,9,16,5,16,11,8,5,10,5,6,3,4
2008012802,1,15,5,224.044998,8,0,6,0,吴尚垠,16,21,16,5,8,7,10,7,6,5,4,3
2008012802,1,15,6,224.044998,8,0,6,0,王皓,21,16,5,4,7,6,7,6,5,6,3,2
2008012802,1,15,7,224.926569,8,0,6,0,吴尚垠,16,9,4,3,6,5,6,5,6,1,2,1
2008012802,1,15,8,225.329161,8,0,6,0,王皓,9,10,3,25,5,13,5,13,1,10,1,11
2008012802,1,15,9,225.329161,8,0,6,0,吴尚垠,10,25,25,0,13,0,13,0,10,0,11,0
2008012802,1,16,1,225.329161,9,0,6,0,吴尚垠,2,11,2,13,10,5,2,3,6,5,8,7
2008012802,1,16,2,241.832714,9,0,6,0,王皓,11,20,13,6,5,8,3,8,5,6,7,4
2008012802,1,16,3,242.517732,9,0,6,0,吴尚垠,20,15,6,5,8,9,8,5,6,3,4,3
2008012802,1,16,4,243.025701,9,0,6,0,王皓,15,22,5,16,9,8,5,10,3,10,3,4
2008012802,1,16,5,243.595401,9,0,6,0,吴尚垠,22,25,16,25,8,13,10,13,10,1,4,11
2008012802,1,17,1,243.595401,10,0,6,0,王皓,1,12,1,14,1,8,1,4,5,6,9,8
2008012802,1,17,2,257.973075,10,0,6,0,吴尚垠,12,13,14,5,8,7,4,7,6,5,8,3
2008012802,1,17,3,258.372057,10,0,6,0,王皓,13,16,5,16,7,8,7,10,5,6,3,4
2008012802,1,17,4,259.073794,10,0,6,0,吴尚垠,16,21,16,5,8,7,10,7,6,5,4,3
2008012802,1,17,5,259.073794,10,0,6,0,王皓,21,22,5,16,7,8,7,10,5,6,3,4
2008012802,1,17,6,259.481057,10,0,6,0,吴尚垠,22,21,16,5,8,7,10,7,6,5,4,3
2008012802,1,17,7,259.481057,10,0,6,0,王皓,21,16,5,16,7,12,7,10,5,6,3,4
2008012802,1,17,8,260.247961,10,0,6,0,吴尚垠,16,15,16,5,12,7,10,7,6,3,4,3
2008012802,1,17,9,260.765077,10,0,6,0,王皓,15,16,5,16,7,8,7,10,3,10,3,4
2008012802,1,17,10,261.985857,10,0,6,0,吴尚垠,16,25,16,25,8,13,10,13,10,1,4,11
2008012802,2,0,0,0.000000,11,0,6,0,,0,0,0,0,0,0,0,0,0,0,0,0
2008012802,2,1,1,261.985857,0,0,0,0,吴尚垠,2,11,2,11,2,5,2,3,6,9,10,7
2008012802,2,1,2,359.411161,0,0,0,0,王皓,11,26,11,26,5,14,3,14,9,2,7,12
2008012802,2,2,1,360.669648,0,0,1,0,吴尚垠,2,11,2,13,2,5,2,3,6,1,10,7
2008012802,2,2,2,369.504474,0,0,1,0,王皓,11,6,13,25,5,13,3,13,1,10,7,11
2008012802,2,2,3,371.121413,0,0,1,0,吴尚垠,6,25,25,0,13,0,13,0,10,0,11,0
2008012802,2,3,1,371.121413,1,0,1,0,王皓,1,6,1,10,1,6,1,4,5,6,7,4
2008012802,2,3,2,380.399399,1,0,1,0,吴尚垠,6,15,10,5,6,7,4,5,6,5,4,3
2008012802,2,3,3,381.087245,1,0,1,0,王皓,15,16,5,16,7,8,5,10,5,10,3,4
2008012802,2,3,4,381.473165,1,0,1,0,吴尚垠,16,25,16,25,8,13,10,13,10,1,4,11
2008012802,2,4,1,382.048061,2,0,1,0,王皓,1,12,1,14,1,6,1,4,5,6,9,8
2008012802,2,4,2,393.351918,2,0,1,0,吴尚垠,12,11,14,13,6,5,4,11,6,5,8,7
2008012802,2,4,3,393.688145,2,0,1,0,王皓,11,6,13,10,5,6,11,8,5,10,7,4
2008012802,2,4,4,394.780689,2,0,1,0,吴尚垠,6,25,10,25,6,13,8,13,10,1,4,11
2008012802,2,5,1,396.216245,3,0,1,0,吴尚垠,2,11,2,9,2,7,2,3,4,9,10,3
2008012802,2,5,2,410.135603,3,0,1,0,王皓,11,26,9,26,7,14,3,14,9,2,3,12
2008012802,2,6,1,410.135603,3,0,2,0,吴尚垠,2,11,2,9,2,7,2,3,6,5,8,3
2008012802,2,6,2,420.747764,3,0,2,0,王皓,11,22,9,16,7,8,3,10,5,4,3,4
2008012802,2,6,3,421.216560,3,0,2,0,吴尚垠,22,15,16,5,8,7,10,7,4,9,4,3
2008012802,2,6,4,421.700540,3,0,2,0,王皓,15,26,5,26,7,14,7,14,9,2,3,12
2008012802,2,7,1,421.700540,3,0,3,0,王皓,1,12,1,14,1,6,1,4,1,10,5,8
2008012802,2,7,2,439.436984,3,0,3,0,吴尚垠,12,25,14,25,6,13,4,13,10,1,8,11
2008012802,2,8,1,439.436984,4,0,3,0,王皓,1,12,1,14,1,8,1,4,5,6,9,8
2008012802,2,8,2,447.437936,4,0,3,0,吴尚垠,12,13,14,13,8,7,4,11,6,3,8,7
2008012802,2,8,3,448.065320,4,0,3,0,王皓,13,14,13,4,7,6,11,8,3,10,7,2
2008012802,2,8,4,449.052873,4,0,3,0,吴尚垠,14,25,4,25,6,13,8,13,10,1,2,11
2008012802,2,9,1,449.052873,5,0,3,0,吴尚垠,2,11,2,13,2,5,2,3,6,5,10,7
2008012802,2,9,2,466.519569,5,0,3,0,王皓,11,6,13,14,5,6,3,12,5,6,7,8
2008012802,2,9,3,467.002601,5,0,3,0,吴尚垠,6,13,14,9,6,7,12,7,6,9,8,3
2008012802,2,9,4,467.495338,5,0,3,0,王皓,13,26,9,26,7,14,7,14,9,2,3,12
2008012802,2,10,1,468.438245,5,0,4,0,吴尚垠,2,11,2,13,2,5,2,3,6,5,10,7
2008012802,2,10,2,484.114764,5,0,4,0,王皓,11,6,13,4,5,6,3,8,5,4,7,4
2008012802,2,10,3,485.048231,5,0,4,0,吴尚垠,6,15,4,23,6,5,8,9,4,7,4,3
2008012802,2,10,4,486.318211,5,0,4,0,王皓,15,14,23,8,5,6,9,8,7,2,3,4
2008012802,2,10,5,487.329619,5,0,4,0,吴尚垠,14,13,8,26,6,14,8,14,2,9,4,12
2008012802,2,10,6,487.329619,5,0,4,0,王皓,13,26,26,0,14,0,14,0,9,0,12,0
2008012802,2,11,1,487.329619,5,0,5,0,王皓,1,12,1,14,1,6,1,4,5,6,9,8
2008012802,2,11,2,502.688270,5,0,5,0,吴尚垠,12,19,14,5,6,7,4,7,6,3,8,3
2008012802,2,11,3,503.492361,5,0,5,0,王皓,19,16,5,16,7,8,7,10,3,10,3,4
2008012802,2,11,4,504.253950,5,0,5,0,吴尚垠,16,25,16,25,8,13,10,13,10,1,4,11
2008012802,2,12,1,504.253950,6,0,5,0,王皓,1,12,1,10,1,8,1,4,5,6,3,4
2008012802,2,12,2,515.400585,6,0,5,0,吴尚垠,12,21,10,5,8,7,4,5,6,5,4,3
2008012802,2,12,3,516.028370,6,0,5,0,王皓,21,22,5,6,7,8,5,6,5,6,3,4
2008012802,2,12,4,516.028370,6,0,5,0,吴尚垠,22,21,6,5,8,7,6,5,6,5,4,3
2008012802,2,12,5,516.728447,6,0,5,0,王皓,21,16,5,16,7,12,5,10,5,6,3,4
2008012802,2,12,6,517.367258,6,0,5,0,吴尚垠,16,21,16,5,12,7,10,7,6,5,4,3
2008012802,2,12,7,517.367258,6,0,5,0,王皓,21,10,5,16,7,6,7,10,5,6,3,4
2008012802,2,12,8,518.049458,6,0,5,0,吴尚垠,10,21,16,5,6,7,10,7,6,9,4,3
2008012802,2,12,9,518.049458,6,0,5,0,王皓,21,26,5,26,7,14,7,14,9,2,3,12
2008012802,2,13,1,520.222392,6,0,6,0,吴尚垠,2,11,2,13,2,7,2,3,6,5,10,7
2008012802,2,13,2,539.656528,6,0,6,0,王皓,11,12,13,14,7,6,3,12,5,6,7,8
2008012802,2,13,3,539.993106,6,0,6,0,吴尚垠,12,5,14,9,6,5,12,7,6,3,8,3
2008012802,2,13,4,540.730515,6,0,6,0,王皓,5,10,9,16,5,6,7,10,3,10,3,4
2008012802,2,13,5,541.424045,6,0,6,0,吴尚垠,10,25,16,25,6,13,10,13,10,1,4,11
2008012802,2,14,1,541.424045,7,0,6,0,吴尚垠,2,13,2,9,2,7,2,3,6,3,8,3
2008012802,2,14,2,558.531068,7,0,6,0,王皓,13,22,9,6,7,8,3,6,3,10,3,4
2008012802,2,14,3,559.283036,7,0,6,0,吴尚垠,22,25,6,25,8,13,6,13,10,1,4,11
2008012802,2,15,1,559.283036,8,0,6,0,王皓,1,6,1,14,1,6,1,4,3,8,3,8
2008012802,2,15,2,575.446893,8,0,6,0,吴尚垠,6,5,14,5,6,5,4,7,8,1,8,3
2008012802,2,15,3,575.446893,8,0,6,0,王皓,5,10,5,16,5,6,7,10,1,10,3,4
2008012802,2,15,4,576.861118,8,0,6,0,吴尚垠,10,25,16,25,6,13,10,13,10,1,4,11
2008012802,2,16,1,576.861118,9,0,6,0,王皓,1,6,1,14,1,6,1,4,5,6,9,8
2008012802,2,16,2,593.189687,9,0,6,0,吴尚垠,6,19,14,5,6,7,4,7,6,3,8,3
2008012802,2,16,3,594.086823,9,0,6,0,王皓,19,22,5,16,7,8,7,10,3,10,3,4
2008012802,2,16,4,594.086823,9,0,6,0,吴尚垠,22,25,16,25,8,13,10,13,10,1,4,11
2008012802,2,17,1,594.086823,10,0,6,0,吴尚垠,2,21,2,5,2,9,2,3,4,9,2,3
2008012802,2,17,2,614.945161,10,0,6,0,王皓,21,26,5,26,9,14,3,14,9,2,3,12
2008012802,2,18,1,614.945161,10,0,7,0,吴尚垠,2,13,2,9,2,7,2,3,6,5,8,3
2008012802,2,18,2,625.280424,10,0,7,0,王皓,13,16,9,6,7,8,3,6,5,6,3,4
2008012802,2,18,3,625.963197,10,0,7,0,吴尚垠,16,15,6,5,8,7,6,5,6,5,4,3
2008012802,2,18,4,625.963197,10,0,7,0,王皓,15,10,5,6,7,12,5,6,5,6,3,4
2008012802,2,18,5,626.659091,10,0,7,0,吴尚垠,10,9,6,3,12,5,6,5,6,5,4,1
2008012802,2,18,6,627.310281,10,0,7,0,王皓,9,10,3,16,5,12,5,10,5,6,1,4
2008012802,2,18,7,627.847823,10,0,7,0,吴尚垠,10,15,16,3,12,5,10,7,6,5,4,3
2008012802,2,18,8,628.645120,10,0,7,0,王皓,15,22,3,16,5,8,7,10,5,6,3,4
2008012802,2,18,9,628.645120,10,0,7,0,吴尚垠,22,15,16,3,8,5,10,7,6,5,4,1
2008012802,2,18,10,629.568222,10,0,7,0,王皓,15,22,3,16,5,8,7,10,5,6,1,4
2008012802,2,18,11,630.377460,10,0,7,0,吴尚垠,22,21,16,3,8,9,10,7,6,1,4,1
2008012802,2,18,12,630.377460,10,0,7,0,王皓,21,10,3,16,9,12,7,10,1,10,1,4
2008012802,2,18,13,631.027467,10,0,7,0,吴尚垠,10,25,16,25,12,13,10,13,10,1,4,11
2008012802,3,0,0,0.000000,11,0,7,0,,0,0,0,0,0,0,0,0,0,0,0,0
2008012802,3,1,1,631.027467,0,0,0,0,王皓,1,16,1,4,1,10,1,4,5,6,3,2
2008012802,3,1,2,718.078263,0,0,0,0,吴尚垠,16,21,4,5,10,7,4,5,6,5,2,3
2008012802,3,1,3,718.078263,0,0,0,0,王皓,21,16,5,16,7,8,5,10,5,6,3,4
2008012802,3,1,4,718.078263,0,0,0,0,吴尚垠,16,15,16,5,8,7,10,7,6,5,4,3
2008012802,3,1,5,718.531599,0,0,0,0,王皓,15,16,5,4,7,6,7,6,5,6,3,4
2008012802,3,1,6,719.399238,0,0,0,0,吴尚垠,16,21,4,5,6,7,6,5,6,5,4,3
2008012802,3,1,7,719.399238,0,0,0,0,王皓,21,10,5,4,7,6,5,6,5,4,3,2
2008012802,3,1,8,720.238721,0,0,0,0,吴尚垠,10,15,4,21,6,11,6,9,4,5,2,3
2008012802,3,1,9,721.221324,0,0,0,0,王皓,15,16,21,4,11,6,9,8,5,6,3,2
2008012802,3,1,10,721.984927,0,0,0,0,吴尚垠,16,15,4,3,6,7,8,5,6,5,2,3
2008012802,3,1,11,723.247991,0,0,0,0,王皓,15,16,3,4,7,6,5,6,5,6,3,2
2008012802,3,1,12,723.929909,0,0,0,0,吴尚垠,16,15,4,3,6,7,6,5,6,9,2,1
2008012802,3,1,13,723.929909,0,0,0,0,王皓,15,26,3,26,7,14,5,14,9,2,1,12
2008012802,3,2,1,724.843184,0,0,1,0,王皓,1,12,1,12,1,6,1,4,5,8,9,8
2008012802,3,2,2,736.331200,0,0,1,0,吴尚垠,12,15,12,3,6,5,4,7,8,1,8,1
2008012802,3,2,3,737.955336,0,0,1,0,王皓,15,16,3,16,5,12,7,10,1,10,1,4
2008012802,3,2,4,737.955336,0,0,1,0,吴尚垠,16,25,16,25,12,13,10,13,10,1,4,11
2008012802,3,3,1,737.955336,1,0,1,0,吴尚垠,2,5,2,9,2,5,2,3,6,5,4,3
2008012802,3,3,2,753.838784,1,0,1,0,王皓,5,16,9,4,5,6,3,6,5,6,3,2
2008012802,3,3,3,754.870154,1,0,1,0,吴尚垠,16,15,4,5,6,7,6,5,6,5,2,3
2008012802,3,3,4,754.870154,1,0,1,0,王皓,15,22,5,6,7,8,5,6,5,10,3,4
2008012802,3,3,5,755.740503,1,0,1,0,吴尚垠,22,25,6,25,8,13,6,13,10,1,4,11
2008012802,3,4,1,756.528306,2,0,1,0,吴尚垠,2,11,2,13,2,5,2,3,6,5,10,7
2008012802,3,4,2,767.629295,2,0,1,0,王皓,11,20,13,14,5,10,3,12,5,10,7,4
2008012802,3,4,3,768.392837,2,0,1,0,吴尚垠,20,25,14,25,10,13,12,13,10,1,4,11
2008012802,3,5,1,768.929512,3,0,1,0,王皓,1,18,1,14,1,8,1,4,5,6,9,8
2008012802,3,5,2,782.054016,3,0,1,0,吴尚垠,18,5,14,9,8,5,4,7,6,1,8,3
2008012802,3,5,3,782.054016,3,0,1,0,王皓,5,10,9,25,5,13,7,13,1,10,3,11
2008012802,3,5,4,784.352955,3,0,1,0,吴尚垠,10,25,25,0,13,0,13,0,10,0,11,0
2008012802,3,6,1,784.352955,4,0,1,0,王皓,1,12,1,14,1,6,1,4,5,6,7,8
2008012802,3,6,2,796.828354,4,0,1,0,吴尚垠,12,5,14,13,6,5,4,11,6,5,8,7
2008012802,3,6,3,797.666361,4,0,1,0,王皓,5,14,13,10,5,6,11,8,5,6,7,4
2008012802,3,6,4,798.601490,4,0,1,0,吴尚垠,14,21,10,5,6,7,8,5,6,3,4,3
2008012802,3,6,5,798.963565,4,0,1,0,王皓,21,16,5,16,7,8,5,10,3,6,3,4
2008012802,3,6,6,799.478667,4,0,1,0,吴尚垠,16,9,16,3,8,5,10,7,6,9,4,1
2008012802,3,6,7,799.478667,4,0,1,0,王皓,9,26,3,26,5,14,7,14,9,2,1,12
2008012802,3,7,1,800.485161,4,0,2,0,吴尚垠,2,11,2,13,2,5,2,3,6,5,10,7
2008012802,3,7,2,826.838714,4,0,2,0,王皓,11,14,13,10,5,6,3,8,5,6,7,4
2008012802,3,7,3,827.249075,4,0,2,0,吴尚垠,14,21,10,15,6,7,8,9,6,5,4,3
2008012802,3,7,4,828.082394,4,0,2,0,王皓,21,16,15,4,7,10,9,8,5,6,3,4
2008012802,3,7,5,828.658145,4,0,2,0,吴尚垠,16,21,4,3,10,7,8,5,6,5,4,3
2008012802,3,7,6,829.129320,4,0,2,0,王皓,21,10,3,4,7,6,5,6,5,4,3,2
2008012802,3,7,7,830.077619,4,0,2,0,吴尚垠,10,9,4,3,6,5,6,5,4,9,2,1
2008012802,3,7,8,831.583168,4,0,2,0,王皓,9,26,3,26,5,14,5,14,9,2,1,12
2008012802,3,8,1,832.551100,4,0,3,0,吴尚垠,2,11,2,9,2,7,2,3,6,0,4,3
2008012802,3,8,2,845.429295,4,0,3,0,王皓,11,10,9,4,7,6,3,6,0,10,3,4
2008012802,3,8,3,846.545764,4,0,3,0,吴尚垠,10,25,4,25,6,13,6,13,10,1,4,11
2008012802,3,9,1,846.545764,5,0,3,0,王皓,1,12,1,12,1,8,1,4,5,6,3,8
2008012802,3,9,2,861.533714,5,0,3,0,吴尚垠,12,21,12,5,8,7,4,7,6,9,8,3
2008012802,3,9,3,861.533714,5,0,3,0,王皓,21,26,5,26,7,14,7,14,9,2,3,12
2008012802,3,10,1,862.656961,5,0,4,0,王皓,1,14,1,4,1,6,1,4,5,6,3,2
2008012802,3,10,2,871.928930,5,0,4,0,吴尚垠,14,9,4,15,6,5,4,9,6,5,2,3
2008012802,3,10,3,873.004447,5,0,4,0,王皓,9,16,15,6,5,8,9,8,5,6,3,4
2008012802,3,10,4,873.004447,5,0,4,0,吴尚垠,16,15,6,5,8,7,8,5,6,1,4,3
2008012802,3,10,5,873.775948,5,0,4,0,王皓,15,10,5,25,7,13,5,13,1,10,3,11
2008012802,3,10,6,875.488061,5,0,4,0,吴尚垠,10,25,25,0,13,0,13,0,10,0,11,0
2008012802,3,11,1,875.488061,6,0,4,0,吴尚垠,2,5,2,9,2,5,2,3,8,1,6,3
2008012802,3,11,2,893.647438,6,0,4,0,王皓,5,10,9,6,5,6,3,6,1,10,3,4
2008012802,3,11,3,893.647438,6,0,4,0,吴尚垠,10,25,6,25,6,13,6,13,10,1,4,11
2008012802,3,12,1,893.647438,7,0,4,0,吴尚垠,2,11,2,13,2,5,2,3,6,5,10,7
2008012802,3,12,2,904.929311,7,0,4,0,王皓,11,14,13,6,5,8,3,8,5,4,7,4
2008012802,3,12,3,905.437621,7,0,4,0,吴尚垠,14,21,6,5,8,7,8,5,4,9,4,3
2008012802,3,12,4,906.219447,7,0,4,0,王皓,21,26,5,26,7,14,5,14,9,2,3,12
2008012802,3,13,1,906.219447,7,0,5,0,王皓,1,12,1,14,1,6,1,4,5,6,9,8
2008012802,3,13,2,935.422066,7,0,5,0,吴尚垠,12,13,14,3,6,5,4,7,6,5,8,1
2008012802,3,13,3,936.253524,7,0,5,0,王皓,13,16,3,16,5,8,7,10,5,6,1,4
2008012802,3,13,4,937.213946,7,0,5,0,吴尚垠,16,9,16,3,8,5,10,7,6,5,4,1
2008012802,3,13,5,937.213946,7,0,5,0,王皓,9,16,3,16,5,12,7,10,5,6,1,4
2008012802,3,13,6,938.146923,7,0,5,0,吴尚垠,16,15,16,5,12,11,10,7,6,5,4,3
2008012802,3,13,7,938.671955,7,0,5,0,王皓,15,16,5,4,11,6,7,6,5,6,3,4
2008012802,3,13,8,939.407862,7,0,5,0,吴尚垠,16,9,4,3,6,5,6,5,6,5,4,1
2008012802,3,13,9,940.236891,7,0,5,0,王皓,9,16,3,4,5,6,5,6,5,6,1,2
2008012802,3,13,10,940.236891,7,0,5,0,吴尚垠,16,15,4,3,6,7,6,5,6,5,2,3
2008012802,3,13,11,941.062163,7,0,5,0,王皓,15,16,3,4,7,6,5,6,5,6,3,2
2008012802,3,13,12,942.107952,7,0,5,0,吴尚垠,16,9,4,3,6,5,6,5,6,5,2,1
2008012802,3,13,13,942.107952,7,0,5,0,王皓,9,10,3,4,5,6,5,6,5,6,1,2
2008012802,3,13,14,943.419372,7,0,5,0,吴尚垠,10,9,4,3,6,5,6,5,6,5,2,1
2008012802,3,13,15,944.223959,7,0,5,0,王皓,9,10,3,16,5,6,5,10,5,6,1,2
2008012802,3,13,16,944.899673,7,0,5,0,吴尚垠,10,15,16,3,6,5,10,7,6,5,2,1
2008012802,3,13,17,946.223655,7,0,5,0,王皓,15,16,3,4,5,6,7,6,5,6,1,2
2008012802,3,13,18,947.243234,7,0,5,0,吴尚垠,16,9,4,3,6,5,6,5,6,5,2,1
2008012802,3,13,19,948.278544,7,0,5,0,王皓,9,10,3,4,5,6,5,6,5,6,1,2
2008012802,3,13,20,949.161451,7,0,5,0,吴尚垠,10,9,4,3,6,5,6,5,6,3,2,1
2008012802,3,13,21,949.161451,7,0,5,0,王皓,9,22,3,16,5,8,5,10,3,6,1,4
2008012802,3,13,22,950.316447,7,0,5,0,吴尚垠,22,21,16,3,8,9,10,7,6,9,4,1
2008012802,3,13,23,950.316447,7,0,5,0,王皓,21,26,3,26,9,14,7,14,9,2,1,12
2008012802,3,14,1,951.512694,7,0,6,0,王皓,1,14,1,10,1,6,1,4,5,6,7,4
2008012802,3,14,2,981.676703,7,0,6,0,吴尚垠,14,13,10,3,6,5,4,5,6,3,4,1
2008012802,3,14,3,982.642428,7,0,6,0,王皓,13,16,3,16,5,8,5,10,3,2,1,4
2008012802,3,14,4,984.101837,7,0,6,0,吴尚垠,16,9,16,26,8,14,10,14,2,9,4,12
2008012802,3,14,5,984.101837,7,0,6,0,王皓,9,26,26,0,14,0,14,0,9,0,12,0
2008012802,3,15,1,984.101837,7,0,7,0,吴尚垠,2,11,2,13,2,5,2,3,6,5,10,7
2008012802,3,15,2,1007.776023,7,0,7,0,王皓,11,14,13,10,5,6,3,8,5,4,7,4
2008012802,3,15,3,1008.204966,7,0,7,0,吴尚垠,14,21,10,5,6,7,8,5,4,9,4,3
2008012802,3,15,4,1008.901925,7,0,7,0,王皓,21,26,5,26,7,14,5,14,9,2,3,12
2008012802,3,16,1,1008.901925,7,0,8,0,吴尚垠,2,5,2,13,2,5,2,3,6,3,10,7
2008012802,3,16,2,1030.378497,7,0,8,0,王皓,5,20,13,10,5,10,3,8,3,10,7,4
2008012802,3,16,3,1031.467186,7,0,8,0,吴尚垠,20,25,10,25,10,13,8,13,10,1,4,11
2008012802,3,17,1,1031.467186,8,0,8,0,王皓,1,12,1,14,1,6,1,4,5,6,9,8
2008012802,3,17,2,1051.366225,8,0,8,0,吴尚垠,12,13,14,3,6,5,4,7,6,3,8,1
2008012802,3,17,3,1052.065624,8,0,8,0,王皓,13,16,3,16,5,8,7,10,3,10,1,4
2008012802,3,17,4,1053.020628,8,0,8,0,吴尚垠,16,25,16,25,8,13,10,13,10,1,4,11
2008012802,3,18,1,1053.020628,9,0,8,0,王皓,1,12,1,14,1,6,1,4,5,6,7,8
2008012802,3,18,2,1073.417134,9,0,8,0,吴尚垠,12,13,14,9,6,7,4,7,6,5,8,3
2008012802,3,18,3,1073.417134,9,0,8,0,王皓,13,16,9,6,7,8,7,6,5,6,3,4
2008012802,3,18,4,1074.057261,9,0,8,0,吴尚垠,16,21,6,5,8,7,6,5,6,3,4,3
2008012802,3,18,5,1074.057261,9,0,8,0,王皓,21,16,5,16,7,8,5,10,3,10,3,4
2008012802,3,18,6,1074.764410,9,0,8,0,吴尚垠,16,25,16,25,8,13,10,13,10,1,4,11
2008012802,3,19,1,1074.764410,10,0,8,0,吴尚垠,2,11,2,13,2,7,2,3,6,5,10,7
2008012802,3,19,2,1125.586284,10,0,8,0,王皓,11,20,13,6,7,8,3,8,5,6,7,4
2008012802,3,19,3,1125.421801,10,0,8,0,吴尚垠,20,21,6,15,8,7,8,9,6,5,4,3
2008012802,3,19,4,1126.262195,10,0,8,0,王皓,21,16,15,4,7,6,9,8,5,6,3,2
2008012802,3,19,5,1127.361540,10,0,8,0,吴尚垠,16,21,4,3,6,7,8,5,6,9,2,3
2008012802,3,19,6,1127.361540,10,0,8,0,王皓,21,26,3,26,7,14,5,14,9,2,3,12
2008012802,3,20,1,1128.552939,10,0,9,0,吴尚垠,2,5,2,13,2,5,2,3,6,5,10,7
2008012802,3,20,2,1201.635404,10,0,9,0,王皓,5,20,13,14,5,10,3,12,5,6,7,8
2008012802,3,20,3,1202.374143,10,0,9,0,吴尚垠,20,11,14,9,10,5,12,7,6,5,8,3
2008012802,3,20,4,1202.374143,10,0,9,0,王皓,11,14,9,4,5,8,7,6,5,6,3,4
2008012802,3,20,5,1203.630231,10,0,9,0,吴尚垠,14,21,4,5,8,7,6,5,6,9,4,3
2008012802,3,20,6,1203.630231,10,0,9,0,王皓,21,26,5,26,7,14,5,14,9,2,3,12
2008012802,3,21,1,1204.329943,10,0,10,0,王皓,1,12,1,14,1,6,1,4,5,6,9,8
2008012802,3,21,2,1221.884363,10,0,10,0,吴尚垠,12,5,14,9,6,5,4,7,6,5,8,3
2008012802,3,21,3,1222.725866,10,0,10,0,王皓,5,10,9,16,5,6,7,10,5,6,3,4
2008012802,3,21,4,1223.558739,10,0,10,0,吴尚垠,10,15,16,5,6,7,10,7,6,5,4,3
2008012802,3,21,5,1223.873390,10,0,10,0,王皓,15,16,5,4,7,8,7,6,5,4,3,2
2008012802,3,21,6,1224.287091,10,0,10,0,吴尚垠,16,9,4,5,8,5,6,5,4,9,2,3
2008012802,3,21,7,1225.544236,10,0,10,0,王皓,9,26,5,26,5,14,5,14,9,2,3,12
2008012802,3,22,1,1225.544236,10,0,11,0,吴尚垠,2,5,2,13,2,5,2,3,6,5,10,7
2008012802,3,22,2,1245.262891,10,0,11,0,王皓,5,6,13,14,5,6,3,12,5,4,7,8
2008012802,3,22,3,1245.262891,10,0,11,0,吴尚垠,6,7,14,9,6,11,12,7,4,9,8,3
2008012802,3,22,4,1246.129068,10,0,11,0,王皓,7,26,9,26,11,14,7,14,9,2,3,12
2008012802,4,0,0,0.000000,10,0,12,0,,0,0,0,0,0,0,0,0,0,0,0,0
2008012802,4,1,1,1246.129068,0,0,0,0,吴尚垠,2,11,2,13,2,5,2,3,6,3,10,7
2008012802,4,1,2,1327.167320,0,0,0,0,王皓,11,20,13,10,5,8,3,8,3,10,7,4
2008012802,4,1,3,1328.183014,0,0,0,0,吴尚垠,20,25,10,25,8,13,8,13,10,1,4,11
2008012802,4,2,1,1328.183014,1,0,0,0,吴尚垠,2,11,2,13,2,5,2,3,6,5,8,7
2008012802,4,2,2,1339.093401,1,0,0,0,王皓,11,12,13,14,5,6,3,12,5,10,7,8
2008012802,4,2,3,1339.426274,1,0,0,0,吴尚垠,12,25,14,25,6,13,12,13,10,1,8,11
2008012802,4,3,1,1340.055959,2,0,0,0,王皓,1,14,1,4,1,6,1,4,5,6,3,4
2008012802,4,3,2,1351.831746,2,0,0,0,吴尚垠,14,15,4,5,6,7,4,5,6,5,4,3
2008012802,4,3,3,1352.747007,2,0,0,0,王皓,15,16,5,6,7,8,5,6,5,4,3,4
2008012802,4,3,4,1352.747007,2,0,0,0,吴尚垠,16,15,6,3,8,5,6,5,4,9,4,3
2008012802,4,3,5,1354.260041,2,0,0,0,王皓,15,26,3,26,5,14,5,14,9,2,3,12
2008012802,4,4,1,1354.260041,2,0,1,0,王皓,1,12,1,14,1,6,1,4,5,6,3,8
2008012802,4,4,2,1363.175728,2,0,1,0,吴尚垠,12,13,14,5,6,7,4,7,6,5,8,3
2008012802,4,4,3,1364.071771,2,0,1,0,王皓,13,16,5,16,7,8,7,10,5,8,3,4
2008012802,4,4,4,1365.034129,2,0,1,0,吴尚垠,16,9,16,5,8,5,10,7,8,1,4,3
2008012802,4,4,5,1365.034129,2,0,1,0,王皓,9,10,5,25,5,13,7,13,1,10,3,11
2008012802,4,4,6,1365.752061,2,0,1,0,吴尚垠,10,25,25,0,13,0,13,0,10,0,11,0
2008012802,4,5,1,1365.752061,3,0,1,0,吴尚垠,2,11,2,13,2,5,2,3,2,9,10,7
2008012802,4,5,2,1382.864336,3,0,1,0,王皓,11,26,13,26,5,14,3,14,9,2,7,12
2008012802,4,6,1,1384.194789,3,0,2,0,吴尚垠,2,11,2,13,2,5,2,3,6,5,4,7
2008012802,4,6,2,1395.831939,3,0,2,0,王皓,11,18,13,14,5,8,3,12,5,6,7,8
2008012802,4,6,3,1396.618655,3,0,2,0,吴尚垠,18,13,14,9,8,7,12,7,6,5,8,3
2008012802,4,6,4,1397.206048,3,0,2,0,王皓,13,16,9,16,7,8,7,10,5,6,3,4
2008012802,4,6,5,1397.467726,3,0,2,0,吴尚垠,16,15,16,5,8,7,10,7,6,1,4,3
2008012802,4,6,6,1397.467726,3,0,2,0,王皓,15,16,5,25,7,13,7,13,1,10,3,11
2008012802,4,6,7,1398.736859,3,0,2,0,吴尚垠,16,25,25,0,13,0,13,0,10,0,11,0
2008012802,4,7,1,1398.736859,4,0,2,0,王皓,1,20,1,10,1,8,1,4,5,6,9,4
2008012802,4,7,2,1420.560295,4,0,2,0,吴尚垠,20,13,10,3,8,5,4,5,6,5,4,1
2008012802,4,7,3,1421.762912,4,0,2,0,王皓,13,10,3,16,5,6,5,10,5,6,1,4
2008012802,4,7,4,1421.762912,4,0,2,0,吴尚垠,10,9,16,3,6,5,10,7,6,3,4,1
2008012802,4,7,5,1422.514100,4,0,2,0,王皓,9,10,3,16,5,12,7,10,3,6,1,4
2008012802,4,7,6,1423.024129,4,0,2,0,吴尚垠,10,15,16,3,12,5,10,7,6,5,4,1
2008012802,4,7,7,1423.966574,4,0,2,0,王皓,15,10,3,22,5,12,7,10,5,6,1,4
2008012802,4,7,8,1424.866907,4,0,2,0,吴尚垠,10,9,22,7,12,5,10,7,6,5,4,3
2008012802,4,7,9,1424.866907,4,0,2,0,王皓,9,10,7,22,5,12,7,10,5,6,3,4
2008012802,4,7,10,1426.320435,4,0,2,0,吴尚垠,10,21,22,7,12,9,10,7,6,1,4,3
2008012802,4,7,11,1427.659918,4,0,2,0,王皓,21,22,7,22,9,8,7,10,1,10,3,4
2008012802,4,7,12,1429.396546,4,0,2,0,吴尚垠,22,25,22,25,8,13,10,13,10,1,4,11
2008012802,4,8,1,1429.396546,5,0,2,0,王皓,1,14,1,4,1,10,1,4,5,6,3,2
2008012802,4,8,2,1445.251030,5,0,2,0,吴尚垠,14,21,4,15,10,7,4,9,6,5,2,3
2008012802,4,8,3,1445.251030,5,0,2,0,王皓,21,22,15,4,7,10,9,8,5,4,3,2
2008012802,4,8,4,1445.251030,5,0,2,0,吴尚垠,22,21,4,3,10,9,8,5,4,9,2,1
2008012802,4,8,5,1446.135206,5,0,2,0,王皓,21,26,3,26,9,14,5,14,9,2,1,12
2008012802,4,9,1,1446.135206,5,0,3,0,吴尚垠,2,11,2,13,2,5,2,3,6,7,8,7
2008012802,4,9,2,1463.831197,5,0,3,0,王皓,11,18,13,10,5,10,3,8,7,2,7,4
2008012802,4,9,3,1465.137805,5,0,3,0,吴尚垠,18,9,10,15,10,5,8,9,2,9,4,3
2008012802,4,9,4,1465.137805,5,0,3,0,王皓,9,26,15,26,5,14,9,14,9,2,3,12
2008012802,4,10,1,1465.137805,5,0,4,0,吴尚垠,2,5,2,13,2,5,2,3,6,5,10,7
2008012802,4,10,2,1486.688683,5,0,4,0,王皓,5,12,13,14,5,6,3,12,5,6,7,8
2008012802,4,10,3,1487.267111,5,0,4,0,吴尚垠,12,5,14,13,6,5,12,11,6,5,8,7
2008012802,4,10,4,1487.732501,5,0,4,0,王皓,5,14,13,10,5,8,11,8,5,6,7,4
2008012802,4,10,5,1487.732501,5,0,4,0,吴尚垠,14,9,10,5,8,5,8,5,6,3,4,3
2008012802,4,10,6,1488.667079,5,0,4,0,王皓,9,16,5,6,5,8,5,6,3,10,3,4
2008012802,4,10,7,1488.667079,5,0,4,0,吴尚垠,16,25,6,25,8,13,6,13,10,1,4,11
2008012802,4,11,1,1488.667079,6,0,4,0,王皓,1,14,1,10,1,8,1,4,5,6,7,4
2008012802,4,11,2,1504.255680,6,0,4,0,吴尚垠,14,15,10,5,8,5,4,5,6,5,4,3
2008012802,4,11,3,1505.147417,6,0,4,0,王皓,15,16,5,6,5,8,5,6,5,6,3,4
2008012802,4,11,4,1505.661887,6,0,4,0,吴尚垠,16,15,6,3,8,9,6,5,6,5,4,1
2008012802,4,11,5,1505.661887,6,0,4,0,王皓,15,16,3,16,9,12,5,10,5,6,1,4
2008012802,4,11,6,1507.124116,6,0,4,0,吴尚垠,16,9,16,3,12,5,10,7,6,5,4,1
2008012802,4,11,7,1507.124116,6,0,4,0,王皓,9,10,3,4,5,12,7,6,5,6,1,4
2008012802,4,11,8,1507.609390,6,0,4,0,吴尚垠,10,21,4,3,12,7,6,5,6,5,4,1
2008012802,4,11,9,1507.609390,6,0,4,0,王皓,21,10,3,16,7,6,5,10,5,6,1,4
2008012802,4,11,10,1508.439506,6,0,4,0,吴尚垠,10,15,16,3,6,5,10,7,6,5,4,3
2008012802,4,11,11,1509.572599,6,0,4,0,王皓,15,16,3,16,5,8,7,10,5,6,3,4
2008012802,4,11,12,1509.572599,6,0,4,0,吴尚垠,16,21,16,5,8,7,10,7,6,5,4,3
2008012802,4,11,13,1510.536698,6,0,4,0,王皓,21,16,5,16,7,8,7,10,5,6,3,4
2008012802,4,11,14,1510.536698,6,0,4,0,吴尚垠,16,21,16,5,8,7,10,7,6,5,4,3
2008012802,4,11,15,1511.676070,6,0,4,0,王皓,21,10,5,16,7,6,7,10,5,6,3,4
2008012802,4,11,16,1511.676070,6,0,4,0,吴尚垠,10,15,16,5,6,7,10,7,6,3,4,3
2008012802,4,11,17,1512.195746,6,0,4,0,王皓,15,16,5,16,7,8,7,10,3,10,3,4
2008012802,4,11,18,1513.642637,6,0,4,0,吴尚垠,16,25,16,25,8,13,10,13,10,1,4,11
2008012802,4,12,1,1513.642637,7,0,4,0,王皓,1,12,1,14,1,6,1,4,5,6,9,8
2008012802,4,12,2,1532.301188,7,0,4,0,吴尚垠,12,11,14,13,6,5,4,11,6,5,8,7
2008012802,4,12,3,1533.103510,7,0,4,0,王皓,11,12,13,10,5,6,11,8,5,4,7,4
2008012802,4,12,4,1533.103510,7,0,4,0,吴尚垠,12,9,10,15,6,5,8,9,4,5,4,3
2008012802,4,12,5,1534.641667,7,0,4,0,王皓,9,16,15,6,5,8,9,8,5,6,3,4
2008012802,4,12,6,1534.641667,7,0,4,0,吴尚垠,16,21,6,3,8,7,8,5,6,5,4,1
2008012802,4,12,7,1535.682662,7,0,4,0,王皓,21,22,3,4,7,8,5,6,5,6,1,2
2008012802,4,12,8,1536.349932,7,0,4,0,吴尚垠,22,9,4,3,8,5,6,5,6,5,2,1
2008012802,4,12,9,1536.406984,7,0,4,0,王皓,9,10,3,4,5,6,5,6,5,2,1,2
2008012802,4,12,10,1537.675565,7,0,4,0,吴尚垠,10,9,4,26,6,14,6,14,2,9,2,12
2008012802,4,12,11,1537.675565,7,0,4,0,王皓,9,26,26,0,14,0,14,0,9,0,12,0
2008012802,4,13,1,1537.675565,7,0,5,0,吴尚垠,2,5,2,11,2,5,2,3,6,3,10,7
2008012802,4,13,2,1580.117714,7,0,5,0,王皓,5,22,11,4,5,10,3,8,3,10,7,4
2008012802,4,13,3,1580.971023,7,0,5,0,吴尚垠,22,25,4,25,10,13,8,13,10,1,4,11
2008012802,4,14,1,1580.971023,8,0,5,0,吴尚垠,2,25,2,25,2,13,2,13,10,1,2,11
2008012802,4,15,1,1605.317104,9,0,5,0,王皓,1,6,1,10,1,6,1,4,5,6,7,4
2008012802,4,15,2,1622.160884,9,0,5,0,吴尚垠,6,15,10,3,6,5,4,5,6,5,4,3
2008012802,4,15,3,1623.094377,9,0,5,0,王皓,15,16,3,16,5,8,5,10,5,6,3,4
2008012802,4,15,4,1623.094377,9,0,5,0,吴尚垠,16,15,16,5,8,7,10,7,6,5,4,3
2008012802,4,15,5,1623.990921,9,0,5,0,王皓,15,16,5,16,7,8,7,10,5,6,3,4
2008012802,4,15,6,1623.990921,9,0,5,0,吴尚垠,16,21,16,5,8,7,10,7,6,3,4,3
2008012802,4,15,7,1623.990921,9,0,5,0,王皓,21,16,5,6,7,8,7,6,3,10,3,4
2008012802,4,15,8,1625.040984,9,0,5,0,吴尚垠,16,25,6,25,8,13,6,13,10,1,4,11
2008012802,4,16,1,1625.040984,10,0,5,0,王皓,1,12,1,14,1,6,1,4,5,6,9,8
2008012802,4,16,2,1641.823417,10,0,5,0,吴尚垠,12,11,14,11,6,5,4,11,6,7,8,7
2008012802,4,16,3,1642.713739,10,0,5,0,王皓,11,16,11,6,5,8,11,8,7,4,7,4
2008012802,4,16,4,1643.744293,10,0,5,0,吴尚垠,16,21,6,15,8,7,8,9,4,9,4,3
2008012802,4,16,5,1644.367261,10,0,5,0,王皓,21,26,15,26,7,14,9,14,9,2,3,12
2008012802,4,17,1,1644.367261,10,0,6,0,吴尚垠,2,11,2,13,2,5,2,3,6,5,8,7
2008012802,4,17,2,1659.879404,10,0,6,0,王皓,11,8,13,14,5,6,3,12,5,6,7,8
2008012802,4,17,3,1660.339667,10,0,6,0,吴尚垠,8,13,14,5,6,7,12,7,6,3,8,3
2008012802,4,17,4,1661.246939,10,0,6,0,王皓,13,22,5,16,7,8,7,10,3,10,3,4
2008012802,4,17,5,1662.511871,10,0,6,0,吴尚垠,22,25,16,25,8,13,10,13,10,1,4,11
2008012802,5,1,1,1662.511871,0,0,0,0,王皓,1,14,1,10,1,6,1,4,5,6,3,4
2008012802,5,1,2,1755.837206,0,0,0,0,吴尚垠,14,15,10,3,6,5,4,5,6,5,4,1
2008012802,5,1,3,1755.837206,0,0,0,0,王皓,15,16,3,6,5,8,5,6,5,4,1,4
2008012802,5,1,4,1755.837206,0,0,0,0,吴尚垠,16,15,6,5,8,7,6,5,4,9,4,3
2008012802,5,1,5,1755.837206,0,0,0,0,王皓,15,26,5,26,7,14,5,14,9,2,3,12
2008012802,5,2,1,1755.837206,0,0,1,0,王皓,1,14,1,10,1,8,1,4,5,6,5,4
2008012802,5,2,2,1768.630583,0,0,1,0,吴尚垠,14,21,10,3,8,9,4,5,6,5,4,3
2008012802,5,2,3,1769.274780,0,0,1,0,王皓,21,22,3,6,9,8,5,6,5,6,3,4
2008012802,5,2,4,1769.274780,0,0,1,0,吴尚垠,22,21,6,3,8,9,6,5,6,3,4,1
2008012802,5,2,5,1769.274780,0,0,1,0,王皓,21,22,3,6,9,8,5,6,3,10,1,4
2008012802,5,2,6,1770.516143,0,0,1,0,吴尚垠,22,25,6,25,8,13,6,13,10,1,4,11
2008012802,5,3,1,1770.516143,1,0,1,0,吴尚垠,2,5,2,9,2,11,2,3,6,5,4,3
2008012802,5,3,2,1784.128349,1,0,1,0,王皓,5,16,9,6,11,8,3,6,5,6,3,4
2008012802,5,3,3,1784.759181,1,0,1,0,吴尚垠,16,15,6,5,8,7,6,5,6,3,4,3
2008012802,5,3,4,1784.759181,1,0,1,0,王皓,15,16,5,6,7,8,5,6,3,10,3,4
2008012802,5,3,5,1785.572041,1,0,1,0,吴尚垠,16,25,6,25,8,13,6,13,10,1,4,11
2008012802,5,4,1,1785.572041,2,0,1,0,吴尚垠,2,5,2,13,2,5,2,3,2,9,10,7
2008012802,5,4,2,1797.689741,2,0,1,0,王皓,5,26,13,26,5,14,3,14,9,2,7,12
2008012802,5,5,1,1797.689741,2,0,2,0,王皓,1,12,1,14,1,6,1,4,5,6,9,8
2008012802,5,5,2,1808.579020,2,0,2,0,吴尚垠,12,21,14,5,6,7,4,7,6,3,8,3
2008012802,5,5,3,1809.571986,2,0,2,0,王皓,21,16,5,16,7,8,7,10,3,6,3,4
2008012802,5,5,4,1810.264751,2,0,2,0,吴尚垠,16,21,16,3,8,9,10,7,6,5,4,1
2008012802,5,5,5,1811.495181,2,0,2,0,王皓,21,16,3,16,9,8,7,10,5,6,1,4
2008012802,5,5,6,1811.495181,2,0,2,0,吴尚垠,16,9,16,3,8,5,10,7,6,1,4,3
2008012802,5,5,7,1811.495181,2,0,2,0,王皓,9,10,3,25,5,13,7,13,1,10,3,11
2008012802,5,5,8,1812.738429,2,0,2,0,吴尚垠,10,25,25,0,13,0,13,0,10,0,11,0
2008012802,5,6,1,1812.738429,3,0,2,0,王皓,1,12,1,14,1,6,1,4,5,6,9,8
2008012802,5,6,2,1829.713966,3,0,2,0,吴尚垠,12,19,14,9,6,7,4,7,6,3,8,3
2008012802,5,6,3,1830.120073,3,0,2,0,王皓,19,22,9,4,7,10,7,6,3,10,3,2
2008012802,5,6,4,1830.120073,3,0,2,0,吴尚垠,22,25,4,25,10,13,6,13,10,1,2,11
2008012802,5,7,1,1830.953837,4,0,2,0,吴尚垠,2,5,2,13,2,5,2,3,6,5,10,7
2008012802,5,7,2,1860.182057,4,0,2,0,王皓,5,12,13,14,5,6,3,12,5,6,7,8
2008012802,5,7,3,1861.028576,4,0,2,0,吴尚垠,12,5,14,9,6,5,12,7,6,5,8,3
2008012802,5,7,4,1861.028576,4,0,2,0,王皓,5,10,9,6,5,6,7,6,5,6,3,4
2008012802,5,7,5,1861.898778,4,0,2,0,吴尚垠,10,9,6,5,6,5,6,5,6,5,4,3
2008012802,5,7,6,1861.898778,4,0,2,0,王皓,9,10,5,6,5,6,5,6,5,4,3,4
2008012802,5,7,7,1863.013902,4,0,2,0,吴尚垠,10,9,6,5,6,5,6,5,4,9,4,3
2008012802,5,7,8,1863.013902,4,0,2,0,王皓,9,26,5,26,5,14,5,14,9,2,3,12
2008012802,5,8,1,1863.013902,4,0,3,0,吴尚垠,2,11,2,9,2,5,2,3,6,5,8,3
2008012802,5,8,2,1878.637846,4,0,3,0,王皓,11,10,9,6,5,6,3,6,5,6,3,4
2008012802,5,8,3,1879.373034,4,0,3,0,吴尚垠,10,9,6,3,6,5,6,5,6,3,4,1
2008012802,5,8,4,1880.047723,4,0,3,0,王皓,9,10,3,16,5,6,5,10,3,6,1,4
2008012802,5,8,5,1880.739204,4,0,3,0,吴尚垠,10,9,16,3,6,5,10,7,6,5,4,1
2008012802,5,8,6,1880.739204,4,0,3,0,王皓,9,10,3,4,5,6,7,6,5,6,1,4
2008012802,5,8,7,1882.101748,4,0,3,0,吴尚垠,10,9,4,3,6,5,6,5,6,3,4,1
2008012802,5,8,8,1882.101748,4,0,3,0,王皓,9,16,3,4,5,12,5,6,3,10,1,4
2008012802,5,8,9,1883.350644,4,0,3,0,吴尚垠,16,25,4,25,12,13,6,13,10,1,4,11
2008012802,5,9,1,1883.350644,5,0,3,0,王皓,1,12,1,14,1,6,1,4,5,6,7,8
2008012802,5,9,2,1899.915392,5,0,3,0,吴尚垠,12,5,14,9,6,5,4,7,6,9,8,3
2008012802,5,9,3,1899.915392,5,0,3,0,王皓,5,26,9,26,5,14,7,14,9,2,3,12
2008012802,5,10,1,1901.178095,5,0,4,0,王皓,1,12,1,10,1,6,1,4,5,6,5,4
2008012802,5,10,2,1918.895828,5,0,4,0,吴尚垠,12,9,10,5,6,5,4,5,6,5,4,3
2008012802,5,10,3,1919.662406,5,0,4,0,王皓,9,10,5,6,5,6,5,6,5,6,3,4
2008012802,5,10,4,1920.592213,5,0,4,0,吴尚垠,10,9,6,3,6,5,6,5,6,3,4,3
2008012802,5,10,5,1920.592213,5,0,4,0,王皓,9,10,3,4,5,6,5,6,3,10,3,4
2008012802,5,10,6,1921.973685,5,0,4,0,吴尚垠,10,25,4,25,6,13,6,13,10,1,4,11
2008012802,5,11,1,1921.973685,6,0,4,0,吴尚垠,2,11,2,13,2,5,2,3,6,7,10,7
2008012802,5,11,2,1944.123179,6,0,4,0,王皓,11,6,13,10,5,6,3,8,7,10,7,4
2008012802,5,11,3,1944.704810,6,0,4,0,吴尚垠,6,25,10,25,6,13,8,13,10,1,4,11
2008012802,5,12,1,1946.549388,7,0,4,0,吴尚垠,2,5,2,13,2,5,2,3,4,7,6,7
2008012802,5,12,2,2042.879764,7,0,4,0,王皓,5,14,13,10,5,6,3,8,7,2,7,4
2008012802,5,12,3,2042.879764,7,0,4,0,吴尚垠,14,21,10,26,6,14,8,14,2,9,4,12
2008012802,5,12,4,2044.401898,7,0,4,0,王皓,21,26,26,0,14,0,14,0,9,0,12,0
2008012802,5,13,1,2044.401898,7,0,5,0,王皓,1,12,1,14,1,6,1,4,5,6,9,8
2008012802,5,13,2,2069.170517,7,0,5,0,吴尚垠,12,11,14,9,6,5,4,7,6,5,8,3
2008012802,5,13,3,2069.746596,7,0,5,0,王皓,11,10,9,6,5,6,7,6,5,6,3,4
2008012802,5,13,4,2070.918150,7,0,5,0,吴尚垠,10,9,6,15,6,11,6,9,6,5,4,3
2008012802,5,13,5,2071.529859,7,0,5,0,王皓,9,16,15,6,11,8,9,8,5,6,3,4
2008012802,5,13,6,2072.235599,7,0,5,0,吴尚垠,16,21,6,15,8,7,8,9,6,5,4,3
2008012802,5,13,7,2072.235599,7,0,5,0,王皓,21,16,15,4,7,6,9,8,5,4,3,2
2008012802,5,13,8,2073.498127,7,0,5,0,吴尚垠,16,9,4,3,6,5,8,5,4,9,2,3
2008012802,5,13,9,2074.262109,7,0,5,0,王皓,9,26,3,26,5,14,5,14,9,2,3,12
2008012802,5,14,1,2074.262109,7,0,6,0,王皓,1,14,1,4,1,6,1,4,0,4,7,4
2008012802,5,14,2,2094.290181,7,0,6,0,吴尚垠,14,15,4,3,6,9,4,5,4,9,4,1
2008012802,5,14,3,2094.961002,7,0,6,0,王皓,15,26,3,26,9,14,5,14,9,2,1,12
2008012802,5,15,1,2094.961002,7,0,7,0,吴尚垠,2,5,2,13,2,5,2,3,6,5,10,7
2008012802,5,15,2,2114.649188,7,0,7,0,王皓,5,12,13,14,5,6,3,12,5,6,7,8
2008012802,5,15,3,2115.042998,7,0,7,0,吴尚垠,12,5,14,13,6,5,12,11,6,5,8,3
2008012802,5,15,4,2115.521871,7,0,7,0,王皓,5,12,13,14,5,10,11,12,5,6,3,8
2008012802,5,15,5,2116.120460,7,0,7,0,吴尚垠,12,7,14,5,10,5,12,7,6,1,8,3
2008012802,5,15,6,2116.936039,7,0,7,0,王皓,7,10,5,25,5,13,7,13,1,10,3,11
2008012802,5,15,7,2117.763216,7,0,7,0,吴尚垠,10,25,25,0,13,0,13,0,10,0,11,0
2008012802,5,16,1,2117.763216,8,0,7,0,吴尚垠,2,5,2,13,2,5,2,3,6,5,10,7
2008012802,5,16,2,2138.246726,8,0,7,0,王皓,5,20,13,10,5,10,3,8,5,4,7,4
2008012802,5,16,3,2138.730376,8,0,7,0,吴尚垠,20,9,10,3,10,5,8,5,4,5,4,3
2008012802,5,16,4,2140.081547,8,0,7,0,王皓,9,20,3,24,5,8,5,10,5,4,3,4
2008012802,5,16,5,2140.992395,8,0,7,0,吴尚垠,20,15,24,3,8,5,10,7,4,9,4,3
2008012802,5,16,6,2142.345569,8,0,7,0,王皓,15,26,3,26,5,14,7,14,9,2,3,12
2008012802,5,17,1,2142.345569,8,0,8,0,王皓,1,12,1,10,1,6,1,4,5,10,5,4
2008012802,5,17,2,2160.638404,8,0,8,0,吴尚垠,12,25,10,25,6,13,4,13,10,1,4,11
2008012802,5,18,1,2161.817322,9,0,8,0,王皓,1,12,1,14,1,6,1,4,5,6,9,8
2008012802,5,18,2,2177.744980,9,0,8,0,吴尚垠,12,7,14,5,6,5,4,7,6,5,8,3
2008012802,5,18,3,2179.172295,9,0,8,0,王皓,7,10,5,16,5,6,7,10,5,6,3,4
2008012802,5,18,4,2179.172295,9,0,8,0,吴尚垠,10,9,16,3,6,5,10,7,6,5,4,1
2008012802,5,18,5,2179.172295,9,0,8,0,王皓,9,16,3,6,5,8,7,6,5,6,1,4
2008012802,5,18,6,2180.293737,9,0,8,0,吴尚垠,16,9,6,3,8,5,6,5,6,5,4,1
2008012802,5,18,7,2180.293737,9,0,8,0,王皓,9,22,3,16,5,8,5,10,5,2,1,4
2008012802,5,18,8,2181.234354,9,0,8,0,吴尚垠,22,21,16,26,8,14,10,14,2,9,4,12
2008012802,5,18,9,2181.234354,9,0,8,0,王皓,21,26,26,0,14,0,14,0,9,0,12,0
2008012802,5,19,1,2181.234354,9,0,9,0,吴尚垠,2,5,2,13,2,5,2,3,6,5,4,7
2008012802,5,19,2,2213.799546,9,0,9,0,王皓,5,8,13,10,5,6,3,8,5,6,7,4
2008012802,5,19,3,2214.808286,9,0,9,0,吴尚垠,8,21,10,5,6,7,8,5,6,5,4,3
2008012802,5,19,4,2215.466072,9,0,9,0,王皓,21,22,5,6,7,10,5,6,5,2,3,4
2008012802,5,19,5,2215.466072,9,0,9,0,吴尚垠,22,9,6,26,10,14,6,14,2,9,4,12
2008012802,5,19,6,2216.208306,9,0,9,0,王皓,9,26,26,0,14,0,14,0,9,0,12,0
2008012802,5,20,1,2216.208306,9,0,10,0,吴尚垠,2,9,2,5,2,5,2,3,4,9,4,3
2008012802,5,20,2,2240.630989,9,0,10,0,王皓,9,26,5,26,5,14,3,14,9,2,3,12
2008012802,6,0,0,0.000000,9,0,11,0,,0,0,0,0,0,0,0,0,0,0,0,0
2008012802,6,1,1,2240.630989,0,0,0,0,吴尚垠,2,11,2,13,2,5,2,3,6,3,10,7
2008012802,6,1,2,2361.702460,0,0,0,0,王皓,11,20,13,10,5,10,3,8,3,10,7,4
2008012802,6,1,3,2362.717349,0,0,0,0,吴尚垠,20,25,10,25,10,13,8,13,10,1,4,11
2008012802,6,2,1,2362.717349,1,0,0,0,吴尚垠,2,11,2,13,2,5,2,3,6,3,10,7
2008012802,6,2,2,2374.666068,1,0,0,0,王皓,11,8,13,4,5,6,3,8,3,10,7,4
2008012802,6,2,3,2376.101281,1,0,0,0,吴尚垠,8,25,4,25,6,13,8,13,10,1,4,11
2008012802,6,3,1,2376.101281,2,0,0,0,王皓,1,12,1,14,1,6,1,4,3,8,7,4
2008012802,6,3,2,2394.810871,2,0,0,0,吴尚垠,12,13,14,9,6,7,4,7,8,3,4,3
2008012802,6,3,3,2395.833059,2,0,0,0,王皓,13,16,9,6,7,8,7,6,3,10,3,4
2008012802,6,3,4,2395.833059,2,0,0,0,吴尚垠,16,25,6,25,8,13,6,13,10,1,4,11
2008012802,6,4,1,2395.833059,3,0,0,0,王皓,1,12,1,10,1,12,1,4,5,6,5,4
2008012802,6,4,2,2406.371032,3,0,0,0,吴尚垠,12,15,10,5,12,5,4,5,6,5,4,3
2008012802,6,4,3,2407.382562,3,0,0,0,王皓,15,16,5,6,5,8,5,6,5,6,3,4
2008012802,6,4,4,2407.837154,3,0,0,0,吴尚垠,16,21,6,5,8,7,6,5,6,5,4,3
2008012802,6,4,5,2407.837154,3,0,0,0,王皓,21,22,5,16,7,8,5,10,5,6,3,4
2008012802,6,4,6,2408.852510,3,0,0,0,吴尚垠,22,21,16,3,8,9,10,7,6,5,4,1
2008012802,6,4,7,2408.852510,3,0,0,0,王皓,21,16,3,16,9,8,7,10,5,6,1,4
2008012802,6,4,8,2409.876247,3,0,0,0,吴尚垠,16,21,16,5,8,7,10,7,6,5,4,3
2008012802,6,4,9,2409.876247,3,0,0,0,王皓,21,16,5,4,7,6,7,6,5,2,3,2
2008012802,6,4,10,2411.165887,3,0,0,0,吴尚垠,16,9,4,26,6,14,6,14,2,9,2,12
2008012802,6,4,11,2411.919916,3,0,0,0,王皓,9,26,26,0,14,0,14,0,9,0,12,0
2008012802,6,5,1,2411.919916,3,0,1,0,吴尚垠,2,5,2,11,2,5,2,3,6,3,10,7
2008012802,6,5,2,2431.386265,3,0,1,0,王皓,5,22,11,4,5,10,3,8,3,10,7,4
2008012802,6,5,3,2432.609565,3,0,1,0,吴尚垠,22,25,4,25,10,13,8,13,10,1,4,11
2008012802,6,6,1,2432.609565,4,0,1,0,吴尚垠,2,13,2,9,2,5,2,3,4,9,8,3
2008012802,6,6,2,2448.964145,4,0,1,0,王皓,13,26,9,26,5,14,3,14,9,2,3,12
2008012802,6,7,1,2448.964145,4,0,2,0,王皓,1,12,1,10,1,6,1,4,5,6,5,4
2008012802,6,7,2,2471.987916,4,0,2,0,吴尚垠,12,13,10,3,6,9,4,5,6,3,4,1
2008012802,6,7,3,2472.514932,4,0,2,0,王皓,13,10,3,16,9,12,5,10,3,6,1,4
2008012802,6,7,4,2473.241386,4,0,2,0,吴尚垠,10,9,16,3,12,5,10,7,6,5,4,1
2008012802,6,7,5,2474.118540,4,0,2,0,王皓,9,10,3,4,5,6,7,6,5,6,1,2
2008012802,6,7,6,2474.906823,4,0,2,0,吴尚垠,10,9,4,3,6,5,6,5,6,3,2,1
2008012802,6,7,7,2474.906823,4,0,2,0,王皓,9,10,3,6,5,12,5,6,3,10,1,4
2008012802,6,7,8,2475.898649,4,0,2,0,吴尚垠,10,25,6,25,12,13,6,13,10,1,4,11
2008012802,6,8,1,2475.898649,5,0,2,0,王皓,1,12,1,14,1,6,1,4,5,6,7,8
2008012802,6,8,2,2492.033961,5,0,2,0,吴尚垠,12,11,14,13,6,5,4,11,6,5,8,7
2008012802,6,8,3,2492.033961,5,0,2,0,王皓,11,12,13,14,5,6,11,12,5,10,7,8
2008012802,6,8,4,2492.787603,5,0,2,0,吴尚垠,12,25,14,25,6,13,12,13,10,1,8,11
2008012802,6,9,1,2493.777862,6,0,2,0,吴尚垠,2,11,2,9,2,5,2,3,6,5,6,3
2008012802,6,9,2,2520.160780,6,0,2,0,王皓,11,16,9,4,5,6,3,6,5,4,3,2
2008012802,6,9,3,2520.623785,6,0,2,0,吴尚垠,16,15,4,5,6,7,6,5,4,9,2,3
2008012802,6,9,4,2521.441682,6,0,2,0,王皓,15,26,5,26,7,14,5,14,9,2,3,12
2008012802,6,10,1,2521.441682,6,0,3,0,吴尚垠,2,5,2,13,2,5,2,3,6,5,10,7
2008012802,6,10,2,2537.455233,6,0,3,0,王皓,5,18,13,14,5,8,3,12,5,6,7,8
2008012802,6,10,3,2538.015948,6,0,3,0,吴尚垠,18,5,14,9,8,5,12,7,6,9,8,3
2008012802,6,10,4,2538.015948,6,0,3,0,王皓,5,26,9,26,5,14,7,14,9,2,3,12
2008012802,6,11,1,2539.670549,6,0,4,0,王皓,1,16,1,4,1,6,1,4,5,6,3,4
2008012802,6,11,2,2556.247397,6,0,4,0,吴尚垠,16,21,4,5,6,7,4,5,6,3,4,3
2008012802,6,11,3,2556.247397,6,0,4,0,王皓,21,22,5,6,7,8,5,6,3,10,3,4
2008012802,6,11,4,2557.350574,6,0,4,0,吴尚垠,22,25,6,25,8,13,6,13,10,1,4,11
2008012802,6,12,1,2557.350574,7,0,4,0,王皓,1,14,1,10,1,8,1,4,5,6,5,4
2008012802,6,12,2,2573.791716,7,0,4,0,吴尚垠,14,15,10,5,8,5,4,5,6,5,4,3
2008012802,6,12,3,2574.857322,7,0,4,0,王皓,15,16,5,16,5,8,5,10,5,6,3,4
2008012802,6,12,4,2574.857322,7,0,4,0,吴尚垠,16,9,16,3,8,5,10,7,6,3,4,1
2008012802,6,12,5,2575.736265,7,0,4,0,王皓,9,16,3,4,5,8,7,6,3,10,1,4
2008012802,6,12,6,2575.736265,7,0,4,0,吴尚垠,16,25,4,25,8,13,6,13,10,1,4,11
2008012802,6,13,1,2575.736265,8,0,4,0,吴尚垠,2,5,2,13,2,5,2,3,6,5,10,7
2008012802,6,13,2,2610.135478,8,0,4,0,王皓,5,6,13,14,5,6,3,12,5,6,7,8
2008012802,6,13,3,2611.212522,8,0,4,0,吴尚垠,6,7,14,9,6,5,12,7,6,9,8,3
2008012802,6,13,4,2611.212522,8,0,4,0,王皓,7,26,9,26,5,14,7,14,9,2,3,12
2008012802,6,14,1,2611.940481,8,0,5,0,吴尚垠,2,13,2,5,2,5,2,3,6,5,4,3
2008012802,6,14,2,2630.139431,8,0,5,0,王皓,13,10,5,16,5,6,3,10,5,6,3,4
2008012802,6,14,3,2630.139431,8,0,5,0,吴尚垠,10,15,16,5,6,5,10,7,6,5,4,3
2008012802,6,14,4,2630.847633,8,0,5,0,王皓,15,16,5,6,5,8,7,6,5,2,3,4
2008012802,6,14,5,2630.847633,8,0,5,0,吴尚垠,16,9,6,26,8,14,6,14,2,9,4,12
2008012802,6,14,6,2630.847633,8,0,5,0,王皓,9,26,26,0,14,0,14,0,9,0,12,0
2008012802,6,15,1,2630.847633,8,0,6,0,王皓,1,14,1,14,1,6,1,4,5,8,7,8
2008012802,6,15,2,2652.724531,8,0,6,0,吴尚垠,14,13,14,3,6,5,4,7,8,3,8,3
2008012802,6,15,3,2653.887082,8,0,6,0,王皓,13,16,3,25,5,13,7,13,3,10,3,11
2008012802,6,15,4,2653.887082,8,0,6,0,吴尚垠,16,25,25,0,13,0,13,0,10,0,11,0
2008012802,6,16,1,2653.887082,9,0,6,0,王皓,1,14,1,10,1,12,1,4,5,6,7,4
2008012802,6,16,2,2667.038132,9,0,6,0,吴尚垠,14,15,10,3,12,5,4,5,6,3,4,1
2008012802,6,16,3,2668.269295,9,0,6,0,王皓,15,16,3,16,5,6,5,10,3,10,1,4
2008012802,6,16,4,2668.880360,9,0,6,0,吴尚垠,16,25,16,25,6,13,10,13,10,1,4,11
2008012802,6,17,1,2668.880360,10,0,6,0,吴尚垠,2,5,2,13,2,5,2,3,6,5,10,7
2008012802,6,17,2,2694.253823,10,0,6,0,王皓,5,6,13,14,5,6,3,12,5,6,7,8
2008012802,6,17,3,2694.253823,10,0,6,0,吴尚垠,6,11,14,13,6,5,12,11,6,5,8,7
2008012802,6,17,4,2695.072050,10,0,6,0,王皓,11,6,13,10,5,6,11,8,5,10,7,4
2008012802,6,17,5,2695.565676,10,0,6,0,吴尚垠,6,25,10,25,6,13,8,13,10,1,4,11
